k,Inertia,Silhouette_Score
2,222.36170496502308,0.5817500491982808
3,191.02473685317972,0.4798814508199817
4,114.35407164049779,0.3850454053045392
5,91.04766991109528,0.34503345350274617
6,81.55075699571756,0.3339432304006177
