Metric,Value
Accuracy,0.93
Precision,0.9381443298969072
Recall,0.8584905660377359
F1-Score,0.896551724137931
ROC-AUC,0.9690235362769889
