K,Inertia,Silhouette Score
2,25.352893011982168,0.35992635232185594
3,17.86121245090412,0.34219610435935566
4,12.462291302155103,0.3599068740300689
5,10.434452383376847,0.35167474204730703
